commodity,unit,minimum_price_raw,maximum_price_raw,average_price_raw,market,price_date,source,source_url,collected_at
गोलभेडा ठूलो(नेपाली),के.जी.,रू ४०.००,रू ५०.००,रू ४४.३८,Kalimati,2026-07-31,Kalimati Market Development Board,https://kalimatimarket.gov.np/price,2026-07-31T08:05:39.243544+05:45
गोलभेडा सानो(टनेल),के जी,रू २०.००,रू ३०.००,रू २४.३८,Kalimati,2026-07-31,Kalimati Market Development Board,https://kalimatimarket.gov.np/price,2026-07-31T08:05:39.243544+05:45
आलु रातो(लाम्चो),के.जी.,रू ४८.००,रू ५२.००,रू ४९.८३,Kalimati,2026-07-31,Kalimati Market Development Board,https://kalimatimarket.gov.np/price,2026-07-31T08:05:39.243544+05:45
रातो आलु(गोलो),के जी,रू ४८.००,रू ५३.००,रू ५०.३३,Kalimati,2026-07-31,Kalimati Market Development Board,https://kalimatimarket.gov.np/price,2026-07-31T08:05:39.243544+05:45
आलु रातो(मुडे),केजी,रू ४८.००,रू ५३.००,रू ५०.६७,Kalimati,2026-07-31,Kalimati Market Development Board,https://kalimatimarket.gov.np/price,2026-07-31T08:05:39.243544+05:45
आलु रातो(भारतीय),के जी,रू ३३.००,रू ५७.००,रू ४२.३३,Kalimati,2026-07-31,Kalimati Market Development Board,https://kalimatimarket.gov.np/price,2026-07-31T08:05:39.243544+05:45
आलु सेतो,के.जी.,रू ३०.००,रू ३५.००,रू ३३.००,Kalimati,2026-07-31,Kalimati Market Development Board,https://kalimatimarket.gov.np/price,2026-07-31T08:05:39.243544+05:45
प्याज सुकेको (भारतीय),के.जी.,रू ५४.००,रू ५७.००,रू ५५.६७,Kalimati,2026-07-31,Kalimati Market Development Board,https://kalimatimarket.gov.np/price,2026-07-31T08:05:39.243544+05:45
गाजर(लोकल),के.जी.,रू १००.००,रू ११०.००,रू १०५.००,Kalimati,2026-07-31,Kalimati Market Development Board,https://kalimatimarket.gov.np/price,2026-07-31T08:05:39.243544+05:45
गाजर(तराई),केजी,रू ७०.००,रू ८०.००,रू ७५.००,Kalimati,2026-07-31,Kalimati Market Development Board,https://kalimatimarket.gov.np/price,2026-07-31T08:05:39.243544+05:45
बन्दा(लोकल),के.जी.,रू २०.००,रू ३०.००,रू २६.२५,Kalimati,2026-07-31,Kalimati Market Development Board,https://kalimatimarket.gov.np/price,2026-07-31T08:05:39.243544+05:45
काउली स्थानिय,के.जी.,रू ९०.००,रू १००.००,रू ९५.००,Kalimati,2026-07-31,Kalimati Market Development Board,https://kalimatimarket.gov.np/price,2026-07-31T08:05:39.243544+05:45
मूला रातो,के.जी.,रू २०.००,रू ३०.००,रू २५.००,Kalimati,2026-07-31,Kalimati Market Development Board,https://kalimatimarket.gov.np/price,2026-07-31T08:05:39.243544+05:45
मूला सेतो(लोकल),के.जी.,रू १५.००,रू २०.००,रू १७.५०,Kalimati,2026-07-31,Kalimati Market Development Board,https://kalimatimarket.gov.np/price,2026-07-31T08:05:39.243544+05:45
भन्टा लाम्चो,के.जी.,रू ४०.००,रू ५०.००,रू ४५.००,Kalimati,2026-07-31,Kalimati Market Development Board,https://kalimatimarket.gov.np/price,2026-07-31T08:05:39.243544+05:45
भन्टा डल्लो,के.जी.,रू ५०.००,रू ६०.००,रू ५५.००,Kalimati,2026-07-31,Kalimati Market Development Board,https://kalimatimarket.gov.np/price,2026-07-31T08:05:39.243544+05:45
बोडी(तने),के.जी.,रू ६०.००,रू ७०.००,रू ६५.००,Kalimati,2026-07-31,Kalimati Market Development Board,https://kalimatimarket.gov.np/price,2026-07-31T08:05:39.243544+05:45
मकै बोडी,केजी,रू ८०.००,रू ९०.००,रू ८५.००,Kalimati,2026-07-31,Kalimati Market Development Board,https://kalimatimarket.gov.np/price,2026-07-31T08:05:39.243544+05:45
घिउ सिमी(लोकल),के.जी.,रू १००.००,रू १२०.००,रू १०८.३३,Kalimati,2026-07-31,Kalimati Market Development Board,https://kalimatimarket.gov.np/price,2026-07-31T08:05:39.243544+05:45
घिउ सिमी(हाइब्रीड),केजी,रू ९०.००,रू १००.००,रू ९७.५०,Kalimati,2026-07-31,Kalimati Market Development Board,https://kalimatimarket.gov.np/price,2026-07-31T08:05:39.243544+05:45
घिउ सिमी(राजमा),केजी,रू १३०.००,रू १५०.००,रू १४०.००,Kalimati,2026-07-31,Kalimati Market Development Board,https://kalimatimarket.gov.np/price,2026-07-31T08:05:39.243544+05:45
टाटे सिमी,के.जी.,रू १००.००,रू १२०.००,रू ११०.००,Kalimati,2026-07-31,Kalimati Market Development Board,https://kalimatimarket.gov.np/price,2026-07-31T08:05:39.243544+05:45
भटमासकोशा,के.जी.,रू ८०.००,रू १००.००,रू ९०.००,Kalimati,2026-07-31,Kalimati Market Development Board,https://kalimatimarket.gov.np/price,2026-07-31T08:05:39.243544+05:45
तितो करेला,के.जी.,रू ६०.००,रू ७०.००,रू ६५.००,Kalimati,2026-07-31,Kalimati Market Development Board,https://kalimatimarket.gov.np/price,2026-07-31T08:05:39.243544+05:45
लौका,के.जी.,रू ६०.००,रू ७०.००,रू ६५.००,Kalimati,2026-07-31,Kalimati Market Development Board,https://kalimatimarket.gov.np/price,2026-07-31T08:05:39.243544+05:45
परवर(लोकल),के.जी.,रू ६०.००,रू ७०.००,रू ६५.००,Kalimati,2026-07-31,Kalimati Market Development Board,https://kalimatimarket.gov.np/price,2026-07-31T08:05:39.243544+05:45
परवर(तराई),केजी,रू ६०.००,रू ७०.००,रू ६५.००,Kalimati,2026-07-31,Kalimati Market Development Board,https://kalimatimarket.gov.np/price,2026-07-31T08:05:39.243544+05:45
चिचिण्डो,के.जी.,रू २०.००,रू ३०.००,रू २६.२५,Kalimati,2026-07-31,Kalimati Market Development Board,https://kalimatimarket.gov.np/price,2026-07-31T08:05:39.243544+05:45
घिरौला,के.जी.,रू ५०.००,रू ६०.००,रू ५४.१७,Kalimati,2026-07-31,Kalimati Market Development Board,https://kalimatimarket.gov.np/price,2026-07-31T08:05:39.243544+05:45
झिगूनी,के.जी.,रू ६०.००,रू ७०.००,रू ६५.००,Kalimati,2026-07-31,Kalimati Market Development Board,https://kalimatimarket.gov.np/price,2026-07-31T08:05:39.243544+05:45
फर्सी पाकेको,के.जी.,रू ५०.००,रू ६०.००,रू ५५.००,Kalimati,2026-07-31,Kalimati Market Development Board,https://kalimatimarket.gov.np/price,2026-07-31T08:05:39.243544+05:45
हरियो फर्सी(डल्लो),केजी,रू ७०.००,रू ८०.००,रू ७५.००,Kalimati,2026-07-31,Kalimati Market Development Board,https://kalimatimarket.gov.np/price,2026-07-31T08:05:39.243544+05:45
भिण्डी,के.जी.,रू ४०.००,रू ५०.००,रू ४३.७५,Kalimati,2026-07-31,Kalimati Market Development Board,https://kalimatimarket.gov.np/price,2026-07-31T08:05:39.243544+05:45
सखरखण्ड,के.जी.,रू १००.००,रू १२०.००,रू ११०.००,Kalimati,2026-07-31,Kalimati Market Development Board,https://kalimatimarket.gov.np/price,2026-07-31T08:05:39.243544+05:45
पिंडालू,के.जी.,रू ९०.००,रू १००.००,रू ९५.००,Kalimati,2026-07-31,Kalimati Market Development Board,https://kalimatimarket.gov.np/price,2026-07-31T08:05:39.243544+05:45
स्कूस,के.जी.,रू ६०.००,रू ७०.००,रू ६५.००,Kalimati,2026-07-31,Kalimati Market Development Board,https://kalimatimarket.gov.np/price,2026-07-31T08:05:39.243544+05:45
रायो साग,के.जी.,रू १५०.००,रू २००.००,रू १७५.००,Kalimati,2026-07-31,Kalimati Market Development Board,https://kalimatimarket.gov.np/price,2026-07-31T08:05:39.243544+05:45
पालूगो साग,के.जी.,रू १५०.००,रू २००.००,रू १७५.००,Kalimati,2026-07-31,Kalimati Market Development Board,https://kalimatimarket.gov.np/price,2026-07-31T08:05:39.243544+05:45
तोरीको साग,के.जी.,रू १००.००,रू १५०.००,रू १२५.००,Kalimati,2026-07-31,Kalimati Market Development Board,https://kalimatimarket.gov.np/price,2026-07-31T08:05:39.243544+05:45
प्याज हरियो,के.जी.,रू १००.००,रू १५०.००,रू १२५.००,Kalimati,2026-07-31,Kalimati Market Development Board,https://kalimatimarket.gov.np/price,2026-07-31T08:05:39.243544+05:45
च्याउ(कन्य),के.जी.,रू २४०.००,रू २८०.००,रू २६०.००,Kalimati,2026-07-31,Kalimati Market Development Board,https://kalimatimarket.gov.np/price,2026-07-31T08:05:39.243544+05:45
च्याउ(डल्ले),के जी,रू ४५०.००,रू ५००.००,रू ४७५.००,Kalimati,2026-07-31,Kalimati Market Development Board,https://kalimatimarket.gov.np/price,2026-07-31T08:05:39.243544+05:45
राजा च्याउ,के.जी.,रू ३००.००,रू ३२०.००,रू ३१०.००,Kalimati,2026-07-31,Kalimati Market Development Board,https://kalimatimarket.gov.np/price,2026-07-31T08:05:39.243544+05:45
सिताके च्याउ,के.जी.,रू ८००.००,"रू १,०००.००",रू ९००.००,Kalimati,2026-07-31,Kalimati Market Development Board,https://kalimatimarket.gov.np/price,2026-07-31T08:05:39.243544+05:45
कुरीलो,के.जी.,रू ४००.००,रू ५००.००,रू ४५०.००,Kalimati,2026-07-31,Kalimati Market Development Board,https://kalimatimarket.gov.np/price,2026-07-31T08:05:39.243544+05:45
न्यूरो,के.जी.,रू ९०.००,रू १००.००,रू ९५.००,Kalimati,2026-07-31,Kalimati Market Development Board,https://kalimatimarket.gov.np/price,2026-07-31T08:05:39.243544+05:45
ब्रोकाउली,के.जी.,रू १००.००,रू १२०.००,रू ११२.५०,Kalimati,2026-07-31,Kalimati Market Development Board,https://kalimatimarket.gov.np/price,2026-07-31T08:05:39.243544+05:45
चुकुन्दर,के.जी.,रू ६०.००,रू ७०.००,रू ६५.००,Kalimati,2026-07-31,Kalimati Market Development Board,https://kalimatimarket.gov.np/price,2026-07-31T08:05:39.243544+05:45
सजिवन,के.जी.,रू २५०.००,रू ३००.००,रू २७५.००,Kalimati,2026-07-31,Kalimati Market Development Board,https://kalimatimarket.gov.np/price,2026-07-31T08:05:39.243544+05:45
रातो बन्दा,के.जी.,रू ३०.००,रू ४०.००,रू ३५.००,Kalimati,2026-07-31,Kalimati Market Development Board,https://kalimatimarket.gov.np/price,2026-07-31T08:05:39.243544+05:45
जिरीको साग,के.जी.,रू १५०.००,रू २००.००,रू १७५.००,Kalimati,2026-07-31,Kalimati Market Development Board,https://kalimatimarket.gov.np/price,2026-07-31T08:05:39.243544+05:45
सेलरी,के.जी.,रू १८०.००,रू २००.००,रू १९०.००,Kalimati,2026-07-31,Kalimati Market Development Board,https://kalimatimarket.gov.np/price,2026-07-31T08:05:39.243544+05:45
पार्सले,के.जी.,रू ४००.००,रू ५००.००,रू ४५०.००,Kalimati,2026-07-31,Kalimati Market Development Board,https://kalimatimarket.gov.np/price,2026-07-31T08:05:39.243544+05:45
सौफको साग,के.जी.,रू १५०.००,रू २००.००,रू १७५.००,Kalimati,2026-07-31,Kalimati Market Development Board,https://kalimatimarket.gov.np/price,2026-07-31T08:05:39.243544+05:45
पुदीना,के.जी.,रू ३००.००,रू ४००.००,रू ३५०.००,Kalimati,2026-07-31,Kalimati Market Development Board,https://kalimatimarket.gov.np/price,2026-07-31T08:05:39.243544+05:45
गान्टे मूला,के.जी.,रू १५०.००,रू २००.००,रू १७५.००,Kalimati,2026-07-31,Kalimati Market Development Board,https://kalimatimarket.gov.np/price,2026-07-31T08:05:39.243544+05:45
इमली,के.जी.,रू १६०.००,रू १८०.००,रू १७०.००,Kalimati,2026-07-31,Kalimati Market Development Board,https://kalimatimarket.gov.np/price,2026-07-31T08:05:39.243544+05:45
तामा,के.जी.,रू १४०.००,रू १६०.००,रू १५०.००,Kalimati,2026-07-31,Kalimati Market Development Board,https://kalimatimarket.gov.np/price,2026-07-31T08:05:39.243544+05:45
तोफु,के.जी.,रू १४०.००,रू १६०.००,रू १४८.३३,Kalimati,2026-07-31,Kalimati Market Development Board,https://kalimatimarket.gov.np/price,2026-07-31T08:05:39.243544+05:45
गुन्दुक,के.जी.,रू ३००.००,रू ३५०.००,रू ३२५.००,Kalimati,2026-07-31,Kalimati Market Development Board,https://kalimatimarket.gov.np/price,2026-07-31T08:05:39.243544+05:45
स्याउ(फूजी),के जी,रू २८०.००,रू ३००.००,रू २९०.००,Kalimati,2026-07-31,Kalimati Market Development Board,https://kalimatimarket.gov.np/price,2026-07-31T08:05:39.243544+05:45
केरा(नेपाली),दर्जन,रू २००.००,रू ३००.००,रू २५०.००,Kalimati,2026-07-31,Kalimati Market Development Board,https://kalimatimarket.gov.np/price,2026-07-31T08:05:39.243544+05:45
केरा(मालभोग),दर्जन,रू १८०.००,रू २००.००,रू १९०.००,Kalimati,2026-07-31,Kalimati Market Development Board,https://kalimatimarket.gov.np/price,2026-07-31T08:05:39.243544+05:45
कागती,के.जी.,रू १६०.००,रू १८०.००,रू १७०.००,Kalimati,2026-07-31,Kalimati Market Development Board,https://kalimatimarket.gov.np/price,2026-07-31T08:05:39.243544+05:45
अनार,के.जी.,रू ४५०.००,रू ५००.००,रू ४७५.००,Kalimati,2026-07-31,Kalimati Market Development Board,https://kalimatimarket.gov.np/price,2026-07-31T08:05:39.243544+05:45
आँप(मालदह),के.जी.,रू १८०.००,रू २००.००,रू १९०.००,Kalimati,2026-07-31,Kalimati Market Development Board,https://kalimatimarket.gov.np/price,2026-07-31T08:05:39.243544+05:45
आँप(दसहरी),केजी,रू १८०.००,रू २००.००,रू १९०.००,Kalimati,2026-07-31,Kalimati Market Development Board,https://kalimatimarket.gov.np/price,2026-07-31T08:05:39.243544+05:45
तरबुजा(हरियो),के.जी.,रू ६०.००,रू ७०.००,रू ६५.००,Kalimati,2026-07-31,Kalimati Market Development Board,https://kalimatimarket.gov.np/price,2026-07-31T08:05:39.243544+05:45
जुनार,के.जी.,रू २७०.००,रू ३००.००,रू २८५.००,Kalimati,2026-07-31,Kalimati Market Development Board,https://kalimatimarket.gov.np/price,2026-07-31T08:05:39.243544+05:45
भुई कटहर,प्रति गोटा,रू १८०.००,रू २००.००,रू १९०.००,Kalimati,2026-07-31,Kalimati Market Development Board,https://kalimatimarket.gov.np/price,2026-07-31T08:05:39.243544+05:45
काक्रो(लोकल),के.जी.,रू ४०.००,रू ५०.००,रू ४५.००,Kalimati,2026-07-31,Kalimati Market Development Board,https://kalimatimarket.gov.np/price,2026-07-31T08:05:39.243544+05:45
काक्रो(हाइब्रीड),के जी,रू १५.००,रू २०.००,रू १७.५०,Kalimati,2026-07-31,Kalimati Market Development Board,https://kalimatimarket.gov.np/price,2026-07-31T08:05:39.243544+05:45
काक्रो(लोकलक्रस),के.जी.,रू ३०.००,रू ४०.००,रू ३६.६७,Kalimati,2026-07-31,Kalimati Market Development Board,https://kalimatimarket.gov.np/price,2026-07-31T08:05:39.243544+05:45
नासपाती(लोकल),के.जी.,रू ७०.००,रू ८०.००,रू ७५.००,Kalimati,2026-07-31,Kalimati Market Development Board,https://kalimatimarket.gov.np/price,2026-07-31T08:05:39.243544+05:45
मेवा(नेपाली),के.जी.,रू ८०.००,रू ९०.००,रू ८५.००,Kalimati,2026-07-31,Kalimati Market Development Board,https://kalimatimarket.gov.np/price,2026-07-31T08:05:39.243544+05:45
मेवा(भारतीय),केजी,रू १००.००,रू १२०.००,रू ११०.००,Kalimati,2026-07-31,Kalimati Market Development Board,https://kalimatimarket.gov.np/price,2026-07-31T08:05:39.243544+05:45
लप्सी,के.जी.,रू ५०.००,रू ६०.००,रू ५५.००,Kalimati,2026-07-31,Kalimati Market Development Board,https://kalimatimarket.gov.np/price,2026-07-31T08:05:39.243544+05:45
आभोकाडो,के.जी,रू ७००.००,रू ८००.००,रू ७५०.००,Kalimati,2026-07-31,Kalimati Market Development Board,https://kalimatimarket.gov.np/price,2026-07-31T08:05:39.243544+05:45
अमला,के.जी,रू २४०.००,रू २८०.००,रू २६०.००,Kalimati,2026-07-31,Kalimati Market Development Board,https://kalimatimarket.gov.np/price,2026-07-31T08:05:39.243544+05:45
नरिवल(काँचो),के जी,रू ६०.००,रू ८०.००,रू ७०.००,Kalimati,2026-07-31,Kalimati Market Development Board,https://kalimatimarket.gov.np/price,2026-07-31T08:05:39.243544+05:45
नरिवल(हरियो),के जी,रू १५०.००,रू १७०.००,रू १६०.००,Kalimati,2026-07-31,Kalimati Market Development Board,https://kalimatimarket.gov.np/price,2026-07-31T08:05:39.243544+05:45
ड्रागन फ्रुट(नेपाली),के.जी.,रू ३५०.००,रू ४००.००,रू ३७५.००,Kalimati,2026-07-31,Kalimati Market Development Board,https://kalimatimarket.gov.np/price,2026-07-31T08:05:39.243544+05:45
अदुवा,के.जी.,रू २००.००,रू २३०.००,रू २१४.१७,Kalimati,2026-07-31,Kalimati Market Development Board,https://kalimatimarket.gov.np/price,2026-07-31T08:05:39.243544+05:45
खु्र्सानी सुकेको,के.जी.,रू ५००.००,रू ५५०.००,रू ५२५.००,Kalimati,2026-07-31,Kalimati Market Development Board,https://kalimatimarket.gov.np/price,2026-07-31T08:05:39.243544+05:45
खुर्सानी हरियो(लाम्चो),के जी,रू ८०.००,रू ९०.००,रू ८४.५०,Kalimati,2026-07-31,Kalimati Market Development Board,https://kalimatimarket.gov.np/price,2026-07-31T08:05:39.243544+05:45
खुर्सानी हरियो(बुलेट),के जी,रू ७०.००,रू ८०.००,रू ७४.५०,Kalimati,2026-07-31,Kalimati Market Development Board,https://kalimatimarket.gov.np/price,2026-07-31T08:05:39.243544+05:45
खुर्सानी हरियो(माछे),के जी,रू ६०.००,रू ७०.००,रू ६५.००,Kalimati,2026-07-31,Kalimati Market Development Board,https://kalimatimarket.gov.np/price,2026-07-31T08:05:39.243544+05:45
खुर्सानी हरियो(अकबरे),के जी,रू १५०.००,रू २००.००,रू १८०.००,Kalimati,2026-07-31,Kalimati Market Development Board,https://kalimatimarket.gov.np/price,2026-07-31T08:05:39.243544+05:45
भेडे खु्र्सानी,के.जी.,रू ९०.००,रू १००.००,रू ९५.००,Kalimati,2026-07-31,Kalimati Market Development Board,https://kalimatimarket.gov.np/price,2026-07-31T08:05:39.243544+05:45
लसुन हरियो,के.जी.,रू १००.००,रू १५०.००,रू १२५.००,Kalimati,2026-07-31,Kalimati Market Development Board,https://kalimatimarket.gov.np/price,2026-07-31T08:05:39.243544+05:45
हरियो धनिया,के.जी.,रू २५०.००,रू ३५०.००,रू २९१.६७,Kalimati,2026-07-31,Kalimati Market Development Board,https://kalimatimarket.gov.np/price,2026-07-31T08:05:39.243544+05:45
लसुन सुकेको चाइनिज,के.जी.,रू २००.००,रू २४०.००,रू २१८.३३,Kalimati,2026-07-31,Kalimati Market Development Board,https://kalimatimarket.gov.np/price,2026-07-31T08:05:39.243544+05:45
लसुन सुकेको नेपाली,के.जी.,रू १८०.००,रू २००.००,रू १९०.००,Kalimati,2026-07-31,Kalimati Market Development Board,https://kalimatimarket.gov.np/price,2026-07-31T08:05:39.243544+05:45
छ्यापी सुकेको,के.जी.,रू १८०.००,रू २००.००,रू १८८.३३,Kalimati,2026-07-31,Kalimati Market Development Board,https://kalimatimarket.gov.np/price,2026-07-31T08:05:39.243544+05:45
माछा सुकेको,के.जी.,रू ८००.००,"रू १,०००.००",रू ९००.००,Kalimati,2026-07-31,Kalimati Market Development Board,https://kalimatimarket.gov.np/price,2026-07-31T08:05:39.243544+05:45
ताजा माछा(रहु),के जी,रू ३२०.००,रू ३४०.००,रू ३३०.००,Kalimati,2026-07-31,Kalimati Market Development Board,https://kalimatimarket.gov.np/price,2026-07-31T08:05:39.243544+05:45
ताजा माछा(बचुवा),के जी,रू २८०.००,रू ३००.००,रू २९०.००,Kalimati,2026-07-31,Kalimati Market Development Board,https://kalimatimarket.gov.np/price,2026-07-31T08:05:39.243544+05:45
ताजा माछा(छडी),के जी,रू २८०.००,रू ३००.००,रू २९०.००,Kalimati,2026-07-31,Kalimati Market Development Board,https://kalimatimarket.gov.np/price,2026-07-31T08:05:39.243544+05:45
